observation_date,UNRATE_PCH
1948-02-01,11.76471
1948-03-01,5.26316
1948-04-01,-2.50000
1948-05-01,-10.25641
1948-06-01,2.85714
1948-07-01,0.00000
1948-08-01,8.33333
1948-09-01,-2.56410
1948-10-01,-2.63158
1948-11-01,2.70270
1948-12-01,5.26316
1949-01-01,7.50000
1949-02-01,9.30233
1949-03-01,6.38298
1949-04-01,6.00000
1949-05-01,15.09434
1949-06-01,1.63934
1949-07-01,8.06452
1949-08-01,1.49254
1949-09-01,-2.94118
1949-10-01,19.69697
1949-11-01,-18.98734
1949-12-01,3.12500
1950-01-01,-1.51515
1950-02-01,-1.53846
1950-03-01,-1.56250
1950-04-01,-7.93651
1950-05-01,-5.17241
1950-06-01,-1.81818
1950-07-01,-7.40741
1950-08-01,-10.00000
1950-09-01,-2.22222
1950-10-01,-4.54545
1950-11-01,0.00000
1950-12-01,2.38095
1951-01-01,-13.95349
1951-02-01,-8.10811
1951-03-01,0.00000
1951-04-01,-8.82353
1951-05-01,-3.22581
1951-06-01,6.66667
1951-07-01,-3.12500
1951-08-01,0.00000
1951-09-01,6.45161
1951-10-01,6.06061
1951-11-01,0.00000
1951-12-01,-11.42857
1952-01-01,3.22581
1952-02-01,-3.12500
1952-03-01,-6.45161
1952-04-01,0.00000
1952-05-01,3.44828
1952-06-01,0.00000
1952-07-01,6.66667
1952-08-01,6.25000
1952-09-01,-8.82353
1952-10-01,-3.22581
1952-11-01,-6.66667
1952-12-01,-3.57143
1953-01-01,7.40741
1953-02-01,-10.34483
1953-03-01,0.00000
1953-04-01,3.84615
1953-05-01,-7.40741
1953-06-01,0.00000
1953-07-01,4.00000
1953-08-01,3.84615
1953-09-01,7.40741
1953-10-01,6.89655
1953-11-01,12.90323
1953-12-01,28.57143
1954-01-01,8.88889
1954-02-01,6.12245
1954-03-01,9.61538
1954-04-01,3.50877
1954-05-01,0.00000
1954-06-01,-5.08475
1954-07-01,3.57143
1954-08-01,3.44828
1954-09-01,1.66667
1954-10-01,-6.55738
1954-11-01,-7.01754
1954-12-01,-5.66038
1955-01-01,-2.00000
1955-02-01,-4.08163
1955-03-01,-2.12766
1955-04-01,2.17391
1955-05-01,-8.51064
1955-06-01,-2.32558
1955-07-01,-4.76190
1955-08-01,5.00000
1955-09-01,-2.38095
1955-10-01,4.87805
1955-11-01,-2.32558
1955-12-01,0.00000
1956-01-01,-4.76190
1956-02-01,-2.50000
1956-03-01,7.69231
1956-04-01,-4.76190
1956-05-01,7.50000
1956-06-01,0.00000
1956-07-01,2.32558
1956-08-01,-6.81818
1956-09-01,-4.87805
1956-10-01,0.00000
1956-11-01,10.25641
1956-12-01,-2.32558
1957-01-01,0.00000
1957-02-01,-7.14286
1957-03-01,-5.12821
1957-04-01,5.40541
1957-05-01,5.12821
1957-06-01,4.87805
1957-07-01,-2.32558
1957-08-01,-2.38095
1957-09-01,7.31707
1957-10-01,2.27273
1957-11-01,13.33333
1957-12-01,1.96078
1958-01-01,11.53846
1958-02-01,10.34483
1958-03-01,4.68750
1958-04-01,10.44776
1958-05-01,0.00000
1958-06-01,-1.35135
1958-07-01,2.73973
1958-08-01,-1.33333
1958-09-01,-4.05405
1958-10-01,-5.63380
1958-11-01,-7.46269
1958-12-01,0.00000
1959-01-01,-3.22581
1959-02-01,-1.66667
1959-03-01,-5.08475
1959-04-01,-7.14286
1959-05-01,-1.92308
1959-06-01,-1.96078
1959-07-01,2.00000
1959-08-01,1.96078
1959-09-01,5.76923
1959-10-01,3.63636
1959-11-01,1.75439
1959-12-01,-8.62069
1960-01-01,-1.88679
1960-02-01,-7.69231
1960-03-01,12.50000
1960-04-01,-3.70370
1960-05-01,-1.92308
1960-06-01,5.88235
1960-07-01,1.85185
1960-08-01,1.81818
1960-09-01,-1.78571
1960-10-01,10.90909
1960-11-01,0.00000
1960-12-01,8.19672
1961-01-01,0.00000
1961-02-01,4.54545
1961-03-01,0.00000
1961-04-01,1.44928
1961-05-01,1.42857
1961-06-01,-2.81690
1961-07-01,1.44928
1961-08-01,-5.71429
1961-09-01,1.51515
1961-10-01,-2.98507
1961-11-01,-6.15385
1961-12-01,-1.63934
1962-01-01,-3.33333
1962-02-01,-5.17241
1962-03-01,1.81818
1962-04-01,0.00000
1962-05-01,-1.78571
1962-06-01,0.00000
1962-07-01,-1.81818
1962-08-01,5.55556
1962-09-01,-1.75439
1962-10-01,-3.57143
1962-11-01,5.55556
1962-12-01,-3.50877
1963-01-01,3.63636
1963-02-01,3.50877
1963-03-01,-3.38983
1963-04-01,0.00000
1963-05-01,3.50877
1963-06-01,-5.08475
1963-07-01,0.00000
1963-08-01,-3.57143
1963-09-01,1.85185
1963-10-01,0.00000
1963-11-01,3.63636
1963-12-01,-3.50877
1964-01-01,1.81818
1964-02-01,-3.57143
1964-03-01,0.00000
1964-04-01,-1.85185
1964-05-01,-3.77358
1964-06-01,1.96078
1964-07-01,-5.76923
1964-08-01,2.04082
1964-09-01,2.00000
1964-10-01,0.00000
1964-11-01,-5.88235
1964-12-01,4.16667
1965-01-01,-2.00000
1965-02-01,4.08163
1965-03-01,-7.84314
1965-04-01,2.12766
1965-05-01,-4.16667
1965-06-01,0.00000
1965-07-01,-4.34783
1965-08-01,0.00000
1965-09-01,-2.27273
1965-10-01,-2.32558
1965-11-01,-2.38095
1965-12-01,-2.43902
1966-01-01,0.00000
1966-02-01,-5.00000
1966-03-01,0.00000
1966-04-01,0.00000
1966-05-01,2.63158
1966-06-01,-2.56410
1966-07-01,0.00000
1966-08-01,0.00000
1966-09-01,-2.63158
1966-10-01,0.00000
1966-11-01,-2.70270
1966-12-01,5.55556
1967-01-01,2.63158
1967-02-01,-2.56410
1967-03-01,0.00000
1967-04-01,0.00000
1967-05-01,0.00000
1967-06-01,2.63158
1967-07-01,-2.56410
1967-08-01,0.00000
1967-09-01,0.00000
1967-10-01,5.26316
1967-11-01,-2.50000
1967-12-01,-2.56410
1968-01-01,-2.63158
1968-02-01,2.70270
1968-03-01,-2.63158
1968-04-01,-5.40541
1968-05-01,0.00000
1968-06-01,5.71429
1968-07-01,0.00000
1968-08-01,-5.40541
1968-09-01,-2.85714
1968-10-01,0.00000
1968-11-01,0.00000
1968-12-01,0.00000
1969-01-01,0.00000
1969-02-01,0.00000
1969-03-01,0.00000
1969-04-01,0.00000
1969-05-01,0.00000
1969-06-01,2.94118
1969-07-01,0.00000
1969-08-01,0.00000
1969-09-01,5.71429
1969-10-01,0.00000
1969-11-01,-5.40541
1969-12-01,0.00000
1970-01-01,11.42857
1970-02-01,7.69231
1970-03-01,4.76190
1970-04-01,4.54545
1970-05-01,4.34783
1970-06-01,2.08333
1970-07-01,2.04082
1970-08-01,2.00000
1970-09-01,5.88235
1970-10-01,1.85185
1970-11-01,7.27273
1970-12-01,3.38983
1971-01-01,-3.27869
1971-02-01,0.00000
1971-03-01,1.69492
1971-04-01,-1.66667
1971-05-01,0.00000
1971-06-01,0.00000
1971-07-01,1.69492
1971-08-01,1.66667
1971-09-01,-1.63934
1971-10-01,-3.33333
1971-11-01,3.44828
1971-12-01,0.00000
1972-01-01,-3.33333
1972-02-01,-1.72414
1972-03-01,1.75439
1972-04-01,-1.72414
1972-05-01,0.00000
1972-06-01,0.00000
1972-07-01,-1.75439
1972-08-01,0.00000
1972-09-01,-1.78571
1972-10-01,1.81818
1972-11-01,-5.35714
1972-12-01,-1.88679
1973-01-01,-5.76923
1973-02-01,2.04082
1973-03-01,-2.00000
1973-04-01,2.04082
1973-05-01,-2.00000
1973-06-01,0.00000
1973-07-01,-2.04082
1973-08-01,0.00000
1973-09-01,0.00000
1973-10-01,-4.16667
1973-11-01,4.34783
1973-12-01,2.08333
1974-01-01,4.08163
1974-02-01,1.96078
1974-03-01,-1.92308
1974-04-01,0.00000
1974-05-01,0.00000
1974-06-01,5.88235
1974-07-01,1.85185
1974-08-01,0.00000
1974-09-01,7.27273
1974-10-01,1.69492
1974-11-01,10.00000
1974-12-01,9.09091
1975-01-01,12.50000
1975-02-01,0.00000
1975-03-01,6.17284
1975-04-01,2.32558
1975-05-01,2.27273
1975-06-01,-2.22222
1975-07-01,-2.27273
1975-08-01,-2.32558
1975-09-01,0.00000
1975-10-01,0.00000
1975-11-01,-1.19048
1975-12-01,-1.20482
1976-01-01,-3.65854
1976-02-01,-2.53165
1976-03-01,-1.29870
1976-04-01,1.31579
1976-05-01,-3.89610
1976-06-01,2.70270
1976-07-01,2.63158
1976-08-01,0.00000
1976-09-01,-2.56410
1976-10-01,1.31579
1976-11-01,1.29870
1976-12-01,0.00000
1977-01-01,-3.84615
1977-02-01,1.33333
1977-03-01,-2.63158
1977-04-01,-2.70270
1977-05-01,-2.77778
1977-06-01,2.85714
1977-07-01,-4.16667
1977-08-01,1.44928
1977-09-01,-2.85714
1977-10-01,0.00000
1977-11-01,0.00000
1977-12-01,-5.88235
1978-01-01,0.00000
1978-02-01,-1.56250
1978-03-01,0.00000
1978-04-01,-3.17460
1978-05-01,-1.63934
1978-06-01,-1.66667
1978-07-01,5.08475
1978-08-01,-4.83871
1978-09-01,1.69492
1978-10-01,-3.33333
1978-11-01,1.72414
1978-12-01,1.69492
1979-01-01,-1.66667
1979-02-01,0.00000
1979-03-01,-1.69492
1979-04-01,0.00000
1979-05-01,-3.44828
1979-06-01,1.78571
1979-07-01,0.00000
1979-08-01,5.26316
1979-09-01,-1.66667
1979-10-01,1.69492
1979-11-01,-1.66667
1979-12-01,1.69492
1980-01-01,5.00000
1980-02-01,0.00000
1980-03-01,0.00000
1980-04-01,9.52381
1980-05-01,8.69565
1980-06-01,1.33333
1980-07-01,2.63158
1980-08-01,-1.28205
1980-09-01,-2.59740
1980-10-01,0.00000
1980-11-01,0.00000
1980-12-01,-4.00000
1981-01-01,4.16667
1981-02-01,-1.33333
1981-03-01,0.00000
1981-04-01,-2.70270
1981-05-01,4.16667
1981-06-01,0.00000
1981-07-01,-4.00000
1981-08-01,2.77778
1981-09-01,2.70270
1981-10-01,3.94737
1981-11-01,5.06329
1981-12-01,2.40964
1982-01-01,1.17647
1982-02-01,3.48837
1982-03-01,1.12360
1982-04-01,3.33333
1982-05-01,1.07527
1982-06-01,2.12766
1982-07-01,2.08333
1982-08-01,0.00000
1982-09-01,3.06122
1982-10-01,2.97030
1982-11-01,3.84615
1982-12-01,0.00000
1983-01-01,-3.70370
1983-02-01,0.00000
1983-03-01,-0.96154
1983-04-01,-0.97087
1983-05-01,-0.98039
1983-06-01,0.00000
1983-07-01,-6.93069
1983-08-01,1.06383
1983-09-01,-3.15789
1983-10-01,-4.34783
1983-11-01,-3.40909
1983-12-01,-2.35294
1984-01-01,-3.61446
1984-02-01,-2.50000
1984-03-01,0.00000
1984-04-01,-1.28205
1984-05-01,-3.89610
1984-06-01,-2.70270
1984-07-01,4.16667
1984-08-01,0.00000
1984-09-01,-2.66667
1984-10-01,1.36986
1984-11-01,-2.70270
1984-12-01,1.38889
1985-01-01,0.00000
1985-02-01,-1.36986
1985-03-01,0.00000
1985-04-01,1.38889
1985-05-01,-1.36986
1985-06-01,2.77778
1985-07-01,0.00000
1985-08-01,-4.05405
1985-09-01,0.00000
1985-10-01,0.00000
1985-11-01,-1.40845
1985-12-01,0.00000
1986-01-01,-4.28571
1986-02-01,7.46269
1986-03-01,0.00000
1986-04-01,-1.38889
1986-05-01,1.40845
1986-06-01,0.00000
1986-07-01,-2.77778
1986-08-01,-1.42857
1986-09-01,1.44928
1986-10-01,0.00000
1986-11-01,-1.42857
1986-12-01,-4.34783
1987-01-01,0.00000
1987-02-01,0.00000
1987-03-01,0.00000
1987-04-01,-4.54545
1987-05-01,0.00000
1987-06-01,-1.58730
1987-07-01,-1.61290
1987-08-01,-1.63934
1987-09-01,-1.66667
1987-10-01,1.69492
1987-11-01,-3.33333
1987-12-01,-1.72414
1988-01-01,0.00000
1988-02-01,0.00000
1988-03-01,0.00000
1988-04-01,-5.26316
1988-05-01,3.70370
1988-06-01,-3.57143
1988-07-01,0.00000
1988-08-01,3.70370
1988-09-01,-3.57143
1988-10-01,0.00000
1988-11-01,-1.85185
1988-12-01,0.00000
1989-01-01,1.88679
1989-02-01,-3.70370
1989-03-01,-3.84615
1989-04-01,4.00000
1989-05-01,0.00000
1989-06-01,1.92308
1989-07-01,-1.88679
1989-08-01,0.00000
1989-09-01,1.92308
1989-10-01,0.00000
1989-11-01,1.88679
1989-12-01,0.00000
1990-01-01,0.00000
1990-02-01,-1.85185
1990-03-01,-1.88679
1990-04-01,3.84615
1990-05-01,0.00000
1990-06-01,-3.70370
1990-07-01,5.76923
1990-08-01,3.63636
1990-09-01,3.50877
1990-10-01,0.00000
1990-11-01,5.08475
1990-12-01,1.61290
1991-01-01,1.58730
1991-02-01,3.12500
1991-03-01,3.03030
1991-04-01,-1.47059
1991-05-01,2.98507
1991-06-01,0.00000
1991-07-01,-1.44928
1991-08-01,1.47059
1991-09-01,0.00000
1991-10-01,1.44928
1991-11-01,0.00000
1991-12-01,4.28571
1992-01-01,0.00000
1992-02-01,1.36986
1992-03-01,0.00000
1992-04-01,0.00000
1992-05-01,2.70270
1992-06-01,2.63158
1992-07-01,-1.28205
1992-08-01,-1.29870
1992-09-01,0.00000
1992-10-01,-3.94737
1992-11-01,1.36986
1992-12-01,0.00000
1993-01-01,-1.35135
1993-02-01,-2.73973
1993-03-01,-1.40845
1993-04-01,1.42857
1993-05-01,0.00000
1993-06-01,-1.40845
1993-07-01,-1.42857
1993-08-01,-1.44928
1993-09-01,-1.47059
1993-10-01,1.49254
1993-11-01,-2.94118
1993-12-01,-1.51515
1994-01-01,1.53846
1994-02-01,0.00000
1994-03-01,-1.51515
1994-04-01,-1.53846
1994-05-01,-4.68750
1994-06-01,0.00000
1994-07-01,0.00000
1994-08-01,-1.63934
1994-09-01,-1.66667
1994-10-01,-1.69492
1994-11-01,-3.44828
1994-12-01,-1.78571
1995-01-01,1.81818
1995-02-01,-3.57143
1995-03-01,0.00000
1995-04-01,7.40741
1995-05-01,-3.44828
1995-06-01,0.00000
1995-07-01,1.78571
1995-08-01,0.00000
1995-09-01,-1.75439
1995-10-01,-1.78571
1995-11-01,1.81818
1995-12-01,0.00000
1996-01-01,0.00000
1996-02-01,-1.78571
1996-03-01,0.00000
1996-04-01,1.81818
1996-05-01,0.00000
1996-06-01,-5.35714
1996-07-01,3.77358
1996-08-01,-7.27273
1996-09-01,1.96078
1996-10-01,0.00000
1996-11-01,3.84615
1996-12-01,0.00000
1997-01-01,-1.85185
1997-02-01,-1.88679
1997-03-01,0.00000
1997-04-01,-1.92308
1997-05-01,-3.92157
1997-06-01,2.04082
1997-07-01,-2.00000
1997-08-01,-2.04082
1997-09-01,2.08333
1997-10-01,-4.08163
1997-11-01,-2.12766
1997-12-01,2.17391
1998-01-01,-2.12766
1998-02-01,0.00000
1998-03-01,2.17391
1998-04-01,-8.51064
1998-05-01,2.32558
1998-06-01,2.27273
1998-07-01,0.00000
1998-08-01,0.00000
1998-09-01,2.22222
1998-10-01,-2.17391
1998-11-01,-2.22222
1998-12-01,0.00000
1999-01-01,-2.27273
1999-02-01,2.32558
1999-03-01,-4.54545
1999-04-01,2.38095
1999-05-01,-2.32558
1999-06-01,2.38095
1999-07-01,0.00000
1999-08-01,-2.32558
1999-09-01,0.00000
1999-10-01,-2.38095
1999-11-01,0.00000
1999-12-01,-2.43902
2000-01-01,0.00000
2000-02-01,2.50000
2000-03-01,-2.43902
2000-04-01,-5.00000
2000-05-01,5.26316
2000-06-01,0.00000
2000-07-01,0.00000
2000-08-01,2.50000
2000-09-01,-4.87805
2000-10-01,0.00000
2000-11-01,0.00000
2000-12-01,0.00000
2001-01-01,7.69231
2001-02-01,0.00000
2001-03-01,2.38095
2001-04-01,2.32558
2001-05-01,-2.27273
2001-06-01,4.65116
2001-07-01,2.22222
2001-08-01,6.52174
2001-09-01,2.04082
2001-10-01,6.00000
2001-11-01,3.77358
2001-12-01,3.63636
2002-01-01,0.00000
2002-02-01,0.00000
2002-03-01,0.00000
2002-04-01,3.50877
2002-05-01,-1.69492
2002-06-01,0.00000
2002-07-01,0.00000
2002-08-01,-1.72414
2002-09-01,0.00000
2002-10-01,0.00000
2002-11-01,3.50877
2002-12-01,1.69492
2003-01-01,-3.33333
2003-02-01,1.72414
2003-03-01,0.00000
2003-04-01,1.69492
2003-05-01,1.66667
2003-06-01,3.27869
2003-07-01,-1.58730
2003-08-01,-1.61290
2003-09-01,0.00000
2003-10-01,-1.63934
2003-11-01,-3.33333
2003-12-01,-1.72414
2004-01-01,0.00000
2004-02-01,-1.75439
2004-03-01,3.57143
2004-04-01,-3.44828
2004-05-01,0.00000
2004-06-01,0.00000
2004-07-01,-1.78571
2004-08-01,-1.81818
2004-09-01,0.00000
2004-10-01,1.85185
2004-11-01,-1.81818
2004-12-01,0.00000
2005-01-01,-1.85185
2005-02-01,1.88679
2005-03-01,-3.70370
2005-04-01,0.00000
2005-05-01,-1.92308
2005-06-01,-1.96078
2005-07-01,0.00000
2005-08-01,-2.00000
2005-09-01,2.04082
2005-10-01,0.00000
2005-11-01,0.00000
2005-12-01,-2.00000
2006-01-01,-4.08163
2006-02-01,2.12766
2006-03-01,-2.08333
2006-04-01,0.00000
2006-05-01,-2.12766
2006-06-01,0.00000
2006-07-01,2.17391
2006-08-01,0.00000
2006-09-01,-4.25532
2006-10-01,-2.22222
2006-11-01,2.27273
2006-12-01,-2.22222
2007-01-01,4.54545
2007-02-01,-2.17391
2007-03-01,-2.22222
2007-04-01,2.27273
2007-05-01,-2.22222
2007-06-01,4.54545
2007-07-01,2.17391
2007-08-01,-2.12766
2007-09-01,2.17391
2007-10-01,0.00000
2007-11-01,0.00000
2007-12-01,6.38298
2008-01-01,0.00000
2008-02-01,-2.00000
2008-03-01,4.08163
2008-04-01,-1.96078
2008-05-01,8.00000
2008-06-01,3.70370
2008-07-01,3.57143
2008-08-01,5.17241
2008-09-01,0.00000
2008-10-01,6.55738
2008-11-01,4.61538
2008-12-01,7.35294
2009-01-01,6.84932
2009-02-01,6.41026
2009-03-01,4.81928
2009-04-01,3.44828
2009-05-01,4.44444
2009-06-01,1.06383
2009-07-01,0.00000
2009-08-01,1.05263
2009-09-01,2.08333
2009-10-01,2.04082
2009-11-01,-1.00000
2009-12-01,0.00000
2010-01-01,-1.01010
2010-02-01,0.00000
2010-03-01,1.02041
2010-04-01,0.00000
2010-05-01,-3.03030
2010-06-01,-2.08333
2010-07-01,0.00000
2010-08-01,1.06383
2010-09-01,0.00000
2010-10-01,-1.05263
2010-11-01,4.25532
2010-12-01,-5.10204
2011-01-01,-2.15054
2011-02-01,-1.09890
2011-03-01,0.00000
2011-04-01,1.11111
2011-05-01,-1.09890
2011-06-01,1.11111
2011-07-01,-1.09890
2011-08-01,0.00000
2011-09-01,0.00000
2011-10-01,-2.22222
2011-11-01,-2.27273
2011-12-01,-1.16279
2012-01-01,-2.35294
2012-02-01,0.00000
2012-03-01,-1.20482
2012-04-01,0.00000
2012-05-01,0.00000
2012-06-01,0.00000
2012-07-01,0.00000
2012-08-01,-1.21951
2012-09-01,-3.70370
2012-10-01,0.00000
2012-11-01,-1.28205
2012-12-01,2.59740
2013-01-01,1.26582
2013-02-01,-3.75000
2013-03-01,-2.59740
2013-04-01,1.33333
2013-05-01,-1.31579
2013-06-01,0.00000
2013-07-01,-2.66667
2013-08-01,-1.36986
2013-09-01,0.00000
2013-10-01,0.00000
2013-11-01,-4.16667
2013-12-01,-2.89855
2014-01-01,-1.49254
2014-02-01,1.51515
2014-03-01,0.00000
2014-04-01,-7.46269
2014-05-01,1.61290
2014-06-01,-3.17460
2014-07-01,1.63934
2014-08-01,-1.61290
2014-09-01,-3.27869
2014-10-01,-3.38983
2014-11-01,1.75439
2014-12-01,-3.44828
2015-01-01,1.78571
2015-02-01,-3.50877
2015-03-01,-1.81818
2015-04-01,0.00000
2015-05-01,3.70370
2015-06-01,-5.35714
2015-07-01,-1.88679
2015-08-01,-1.92308
2015-09-01,-1.96078
2015-10-01,0.00000
2015-11-01,2.00000
2015-12-01,-1.96078
2016-01-01,-4.00000
2016-02-01,2.08333
2016-03-01,2.04082
2016-04-01,2.00000
2016-05-01,-5.88235
2016-06-01,2.08333
2016-07-01,-2.04082
2016-08-01,2.08333
2016-09-01,2.04082
2016-10-01,-2.00000
2016-11-01,-4.08163
2016-12-01,0.00000
2017-01-01,0.00000
2017-02-01,-2.12766
2017-03-01,-4.34783
2017-04-01,0.00000
2017-05-01,0.00000
2017-06-01,-2.27273
2017-07-01,0.00000
2017-08-01,2.32558
2017-09-01,-2.27273
2017-10-01,-2.32558
2017-11-01,0.00000
2017-12-01,-2.38095
2018-01-01,-2.43902
2018-02-01,2.50000
2018-03-01,-2.43902
2018-04-01,0.00000
2018-05-01,-5.00000
2018-06-01,5.26316
2018-07-01,-5.00000
2018-08-01,0.00000
2018-09-01,-2.63158
2018-10-01,2.70270
2018-11-01,0.00000
2018-12-01,2.63158
2019-01-01,2.56410
2019-02-01,-5.00000
2019-03-01,0.00000
2019-04-01,-2.63158
2019-05-01,-2.70270
2019-06-01,0.00000
2019-07-01,2.77778
2019-08-01,-2.70270
2019-09-01,-2.77778
2019-10-01,2.85714
2019-11-01,0.00000
2019-12-01,0.00000
2020-01-01,0.00000
2020-02-01,-2.77778
2020-03-01,25.71429
2020-04-01,236.36364
2020-05-01,-10.81081
2020-06-01,-16.66667
2020-07-01,-7.27273
2020-08-01,-17.64706
2020-09-01,-7.14286
2020-10-01,-11.53846
2020-11-01,-2.89855
2020-12-01,0.00000
2021-01-01,-4.47761
2021-02-01,-3.12500
2021-03-01,-1.61290
2021-04-01,0.00000
2021-05-01,-4.91803
2021-06-01,1.72414
2021-07-01,-8.47458
2021-08-01,-5.55556
2021-09-01,-7.84314
2021-10-01,-4.25532
2021-11-01,-6.66667
2021-12-01,-7.14286
2022-01-01,2.56410
2022-02-01,-5.00000
2022-03-01,-2.63158
2022-04-01,0.00000
2022-05-01,-2.70270
2022-06-01,0.00000
2022-07-01,-2.77778
2022-08-01,2.85714
2022-09-01,-2.77778
2022-10-01,2.85714
2022-11-01,0.00000
2022-12-01,-2.77778
2023-01-01,0.00000
2023-02-01,2.85714
2023-03-01,-2.77778
2023-04-01,-2.85714
2023-05-01,5.88235
2023-06-01,0.00000
2023-07-01,-2.77778
2023-08-01,5.71429
2023-09-01,2.70270
2023-10-01,2.63158
2023-11-01,-5.12821
2023-12-01,2.70270
2024-01-01,-2.63158
2024-02-01,5.40541
2024-03-01,0.00000
2024-04-01,0.00000
2024-05-01,2.56410
2024-06-01,2.50000
2024-07-01,2.43902
2024-08-01,0.00000
2024-09-01,-2.38095
2024-10-01,0.00000
2024-11-01,2.43902
2024-12-01,-2.38095
2025-01-01,-2.43902
2025-02-01,2.50000
2025-03-01,2.43902
2025-04-01,0.00000
2025-05-01,0.00000
2025-06-01,-2.38095
2025-07-01,2.43902
2025-08-01,2.38095
2025-09-01,2.32558
